userId,firstName,lastName,email,langKey,externalId
1a9da800-1a31-11e9-a5b2-005056ac3cda,staging-pav-test3@yopmail.com,staging-pav-test3@yopmail.com,staging-pav-test3@yopmail.com,de,CHA1004281
3d0808cc-0f69-11e9-8299-005056ac3cda,Jobi,Test,jobi_test@gmx.ch,de,CHA1004248
80678e26-1273-11e9-be13-005056ac3cda,Ingo,Kreutzer,ingo.kreutzer@seco.admin.ch,de,450867
511fa6e7-1a52-11e9-9558-005056ac3cda,Company-01,Just,jobroom-just.company-01@yopmail.com,de,CHA1004286
edd0fb77-157a-11e9-ade7-005056ac3cda,staging-pav-fago2,staging-pav-fago1,staging-pav-fago@yopmail.com,de,CHA1003670
4957be6a-1991-11e9-998e-005056ac3cda,Stes1111,Stes1111,stes1111@yopmail.com,de,CHA1004275
d9c82783-1b1f-11e9-90be-005056ac3cda,Stes2,Stes2,staging-nszn-stes2@yopmail.com,de,CHA1004289
107f588a-1a39-11e9-a5b2-005056ac3cda,Jobseeker-01,Just,jobroom-just.jobseeker-01@yopmail.com,de,CHA1004284
efab7fad-15ad-11e9-ade7-005056ac3cda,Portal777,Portal777,portal777@yopmail.com,de,CHA1004261
a1586e81-1b0e-11e9-90be-005056ac3cda,staging-nszn-stes,staging-nszn-stes,staging-nszn-stes@yopmail.com,de,CHA1004288
2d06db52-73bc-11e8-b515-005056ac3cda,Tester-01,Test,staging-jobroom-test01@yopmail.com,de,CHA1003412
041f25a2-7491-11e8-81c8-005056ac3cda,Tester-04,test,staging-jobroom-test04@yopmail.com,de,CHA1003425
ee4765b9-345d-11e9-8e6e-005056ac3cda,Der Arbeit EN,Vermittler,arbeitsvermittler_22@yopmail.com,de,CHA1004413
da9d0d6e-ffb1-11e8-95b6-005056ac3cda,Tester,Tester,pado-staing-stes-044@yopmail.com,de,CHA1004228
739710d7-3b3b-11e9-93fb-005056ac3cda,AG Test,AG Test,20190228_ag@yopmail.com,de,CHA1004447
25a2cc9f-3507-11e9-9fec-005056ac3cda,Stes,YOP,stes99@yopmail.com,de,CHA1004417
877be76d-3446-11e9-8e6e-005056ac3cda,Franco,Lazzara,seco_flaz@yopmail.com,de,CHA1004411
48c9ce2a-1a33-11e9-a5b2-005056ac3cda,staging-pav-test5@yopmail.com,staging-pav-test5@yopmail.com,staging-pav-test5@yopmail.com,de,CHA1004283
253c6541-1296-11e9-be13-005056ac3cda,Emina,Stricak,emina-staging-ag-001@yopmail.com,de,CHA1004251
59a01985-19aa-11e9-bbfb-005056ac3cda,tester,tester,staging-nszn-company@yopmail.com,de,CHA1004278
62dc141e-351b-11e9-9fec-005056ac3cda,Nicks,Stevie,ving-staging-stes-1@yopmail.com,de,CHA1004422
448d5194-3518-11e9-9fec-005056ac3cda,Vinh,Nguyen,ving-staging-company-1@yopmail.com,de,CHA1004420
75891d96-3939-11e9-93fb-005056ac3cda,STES,STES,stes_8888@yopmail.com,de,CHA1004437
12da77c1-351a-11e9-9fec-005056ac3cda,John,Legend,ving-staging-pav-1@yopmail.com,de,CHA1004421
f3f7f484-3506-11e9-9fec-005056ac3cda,F,Fanki,fankif@yopmail.com,de,CHA1004418
a6d32cfa-1efc-11e9-bde3-005056ac3cda,User,Test,stagingportal_company@yopmail.com,de,CHA1004296
6cdba5a9-1a3a-11e9-9558-005056ac3cda,Pav-01,Just,jobroom-just.pav-01@yopmail.com,de,CHA1004285
d7656bf5-3a7a-11e9-93fb-005056ac3cda,Tester,Tester,pado-staging-stes-002@yopmail.com,de,CHA1004440
bd456b7d-795e-11e8-b267-005056ac3cda,Danese,PCIFede,dad_pci@yopmail.com,it,CHA1003488
0e5a3d58-7966-11e8-b267-005056ac3cda,Danese,DEFede,dad_de@yopmail.com,fr,CHA1003489
bb112031-79ea-11e8-b267-005056ac3cda,Test,Stellensuchener,stesseco@yopmail.com,de,CHA1003494
a779d516-79de-11e8-b267-005056ac3cda,TEST,Arbeitgeber,regag1@yopmail.com,de,CHA1003490
0cc6d260-ffb5-11e8-95b6-005056ac3cda,Tester,Tester,pado-staging-company-001@yopmail.com,de,CHA1004230
4548dff6-ffb4-11e8-95b6-005056ac3cda,Tester,Tester,pado-staging-pav-001@yopmail.com,de,CHA1004229
a8146889-1411-11e9-ade7-005056ac3cda,iuka-staging,iuka-staging,iuka-staging-pav-001@yopmail.com,de,CHA1004255
38dc25a6-2633-11e9-9ccf-005056ac3cda,Biro,Marton,mabi.portal1@yopmail.com,de,CHA1004347
0860642a-286a-11e9-9ccf-005056ac3cda,Test,Sven,sven-staging-pav-003@yopmail.com,de,CHA1004354
3c7f06e0-2497-11e9-9ccf-005056ac3cda,JOSIPA,MARIC,stes22_17_12_2018@yopmail.com,de,CHA1004236
ebbdf55f-1296-11e9-be13-005056ac3cda,Pavelo,Pav,pav@byom.de,de,CHA1004249
a0ec1a8a-a54e-11e8-9999-005056ac3cda,staging-comp-fago2,staging-comp-fago,staging-comp-fago@yopmail.com,de,CHA1003660
42b16a6d-0ce8-11e9-8299-005056ac3cda,Tester,Fanki,fanki_test@gmx.ch,de,CHA1004244
b6a9b70f-2b7e-11e9-b583-005056ac3cda,Noemi,Marchionni,vermittlung-professionals@yopmail.com,de,CHA1004386
6959a2f4-2a21-11e9-b583-005056ac3cda,Hansi,Tester,jobad-tester@yopmail.com,de,CHA1004380
48bb5778-2a09-11e9-b583-005056ac3cda,PAV,Tester,an-eiam-test-21@byom.de,de,CHA1004378
6fb70c56-2b86-11e9-b583-005056ac3cda,Peter,Registrierungstester,pe_ret@yopmail.com,de,CHA1004389
a444e998-8126-11e8-9144-005056ac3cda,Test,Tester,staging-jobroom-pado-stes@yopmail.com,en,CHA1003528
070dd166-128f-11e9-be13-005056ac3cda,Tester,Pado,pado-staging-pav-002@yopmail.com,de,CHA1004250
4a887b0d-2ed9-11e9-8e6e-005056ac3cda,testfago,test,comp-testtest-fago@yopmail.com,de,CHA1004396
9f24819d-2b92-11e9-b583-005056ac3cda,User,Test,stagingportal_stes@yopmail.com,de,CHA1004392
1f00a39a-1eff-11e9-bde3-005056ac3cda,User,Test,stagingportal_pav@yopmail.com,de,CHA1004297
